{"train_losses": [0.12174979361966831, 0.0011956273213431573, 0.000591676860554629, 0.0004250439482950052, 0.000351669580311305], "val_losses": [0.0020102181798228843, 0.0015396550773258723, 0.0014958928599686468, 0.0015596220940300594, 0.0011027223971141807], "train_accuracies": [0.946983546617916, 1.0, 1.0, 1.0, 1.0], "val_accuracies": [1.0, 1.0, 1.0, 1.0, 1.0]}