{"train_losses": [0.7809000307300495, 0.8163730185287802, 0.8000842366175782, 0.7414857630352936, 0.7124778251740396], "val_losses": [0.7978285066818309, 0.9870463072932727, 1.0964660613194164, 1.1325221234803482, 1.1756299560767518], "train_accuracies": [0.665652555045635, 0.7212911875418966, 0.7596555458155004, 0.7938431392770587, 0.8099314185530861], "val_accuracies": [0.6807793180966654, 0.7002622705133008, 0.7025103034844511, 0.7028849756463095, 0.7066316972648932]}