{"train_losses": [0.1357820196074248, 0.0033332376701606633, 0.0015994376320220781, 0.0004469491684776552, 0.0004374159802906164], "val_losses": [0.026930127663110367, 0.028758010539624464, 0.002798067157244554, 0.0005046917563571488, 0.001050705151474027], "train_accuracies": [0.946983546617916, 0.9981718464351006, 1.0, 1.0, 1.0], "val_accuracies": [0.9890710382513661, 0.994535519125683, 1.0, 1.0, 1.0]}