{"train_losses": [0.13219370221922608, 0.0010050682879225018, 0.0005302515417321242, 0.00040645631378383754, 0.00034180764097510114], "val_losses": [0.0014752577882148122, 0.0005009342185374288, 0.00035319757336735357, 0.0002785907827522555, 0.0002652033576627308], "train_accuracies": [0.943327239488117, 1.0, 1.0, 1.0, 1.0], "val_accuracies": [1.0, 1.0, 1.0, 1.0, 1.0]}