{"train_losses": [0.817379043504646, 0.7910412764845944, 0.7284890776307923, 0.6385529753836042, 0.556071682658857, 0.474721786270053, 0.39167246183759297, 0.3352077869935945, 0.2893417432522481, 0.25400179700539366], "val_losses": [0.7298962659341514, 0.8762897859370617, 0.9905379055733105, 1.0534060703964878, 1.2005674318843853, 1.3707458904777574, 1.4663214947609222, 1.5183833322120353, 1.5535515860197848, 1.6660494963089407], "train_accuracies": [0.7247625529808496, 0.7836061009188504, 0.822603099959781, 0.8580113232063856, 0.8850354236921079, 0.9064907341521518, 0.9256102465736473, 0.9381554929926059, 0.948287597067104, 0.9549082696531882], "val_accuracies": [0.7913014160485502, 0.788491795909193, 0.7873679478534502, 0.7878174870757474, 0.7830973252416273, 0.7843335581029445, 0.7778152393796358, 0.7757923128792987, 0.7778152393796358, 0.7748932344347044]}