{"train_losses": [0.7024926155768704, 0.7051961734927822, 0.706650326489517, 0.7045112448089784, 0.7050351214475266], "val_losses": [0.6968404988984804, 0.6952636765467154, 0.6938882027123425, 0.6933355591855608, 0.6933506383552207], "train_accuracies": [0.5086633663366337, 0.4848391089108911, 0.4721534653465347, 0.49907178217821785, 0.48978960396039606], "val_accuracies": [0.481981981981982, 0.481981981981982, 0.481981981981982, 0.481981981981982, 0.481981981981982]}