{"train_losses": [0.7408951641395792, 0.8425983033136789, 0.818244169578279, 0.7639234641895242, 0.7285093571871636], "val_losses": [0.6317575637823187, 0.9500154483156481, 1.0786912945835163, 1.1792985017278863, 1.2270562253545356], "train_accuracies": [0.6481204558345796, 0.7150002578249884, 0.7554272160057753, 0.7859536946320838, 0.8087969886041355], "val_accuracies": [0.6755339078306482, 0.6950168602472836, 0.7062570251030348, 0.7070063694267515, 0.7070063694267515]}