{"train_losses": [1.0652084741436068, 0.48735865956691443, 0.3703046623373129, 0.24060534041558132, 0.25773523417377814], "val_losses": [0.532418600150517, 0.29975734145513605, 0.26524741632775184, 0.2407352115648488, 0.21696858944016553], "train_accuracies": [0.4098360655737705, 0.8360655737704918, 0.8852459016393444, 0.8852459016393444, 0.9016393442622951], "val_accuracies": [0.9047619047619047, 0.9047619047619047, 0.9047619047619047, 0.9047619047619047, 0.9047619047619047]}