{"train_losses": [0.7890058538957851, 0.274950938914152, 0.19033758269252202, 0.17269383345219733, 0.15540679408467908], "val_losses": [1.424083415480157, 1.7016439290829615, 2.211402783885435, 2.422010063059233, 2.447344947146623], "train_accuracies": [0.6893203883495145, 0.9029126213592232, 0.9417475728155339, 0.9514563106796116, 0.9708737864077669], "val_accuracies": [0.4076782449725777, 0.33089579524680074, 0.3382084095063985, 0.3382084095063985, 0.3382084095063985]}