{"train_losses": [1.0899825144986637, 0.4980357684286647, 0.3061763106341489, 0.135126341126676, 0.07967476188739547, 0.04559008350412621, 0.046675274789821905, 0.025116410530095952, 0.038071076420028924, 0.04336183144115522, 0.004738988970276579, 0.0035569223357730956, 0.0019936392810882726, 0.001800246329665123, 0.0016082482647196558, 0.0014493204624636373, 0.0014428842715445722, 0.001370874004530125, 0.0016314116398208453, 0.001769377417732641], "val_losses": [0.5754236472504479, 0.3398831269393365, 0.14942957675971447, 0.053707649576522055, 0.05158173260168128, 0.0495594610360318, 0.029742389784327576, 0.039840065208928924, 0.045048509821450956, 0.05412230495130643, 0.04377353749337739, 0.04942900142244374, 0.054768717587215916, 0.0607039118739998, 0.06312336360791787, 0.061809387299165665, 0.06283282152088802, 0.061209680210422016, 0.0626442497457555, 0.06289326179484349], "train_accuracies": [0.45901639344262296, 0.8688524590163935, 0.8852459016393444, 0.9672131147540984, 0.9672131147540984, 0.9836065573770493, 0.9836065573770493, 0.9836065573770493, 0.9836065573770493, 0.9836065573770493, 1.0, 1.0, 1.0, 1.0, 1.0, 1.0, 1.0, 1.0, 1.0, 1.0], "val_accuracies": [0.9047619047619047, 0.9047619047619047, 0.9523809523809523, 0.9523809523809523, 0.9523809523809523, 0.9523809523809523, 1.0, 0.9523809523809523, 0.9523809523809523, 0.9523809523809523, 0.9523809523809523, 0.9523809523809523, 0.9523809523809523, 0.9523809523809523, 0.9523809523809523, 0.9523809523809523, 0.9523809523809523, 0.9523809523809523, 0.9523809523809523, 0.9523809523809523]}