{"train_losses": [0.7385553860303549, 0.8276189938172832, 0.8278569942012579, 0.8239105920161415, 0.8198846278753817], "val_losses": [0.7429506075089648, 0.7820785003050155, 0.793450286130658, 0.8027761984486941, 0.8153958596208774], "train_accuracies": [0.6913188751044149, 0.7267580360733843, 0.7391485938805186, 0.7474244346131238, 0.7514154007981934], "val_accuracies": [0.7473589570690042, 0.7625309058215329, 0.7708473814340301, 0.7726455383232187, 0.7723083839064958]}